{
  "mu_hist_range": [
    -9.652909278869629,
    11.10171890258789
  ],
  "pct": 0.995
}