{
  "mu_hist_range": [
    -2.0097999572753906,
    4.550994396209717
  ],
  "pct": 0.995
}