{
  "seed": 2028,
  "ATE": -0.14513751319110832,
  "SE": 0.14587875340997267,
  "CI95": [
    -0.4310546159842543,
    0.1407795896020377
  ],
  "waae_paper": {
    "waae": 0.054242319091906105,
    "r0": 0.6577760345165719,
    "r1": 0.34222396548342815,
    "err0": 0.013036489486694336,
    "err1": 0.13344252109527588,
    "mu0_mean_pred": 2.013392686843872,
    "mu1_mean_pred": 1.9886611700057983,
    "mu0_mean_true": 2.0003561973571777,
    "mu1_mean_true": 1.8552186489105225
  },
  "timing_sec": 45.86472702026367,
  "n_folds": 5,
  "n_rep": 1
}