{
  "seed": 2030,
  "ATE": -0.025098952868745264,
  "SE": 0.12125371929067398,
  "CI95": [
    -0.26275187566999586,
    0.2125539699325053
  ],
  "waae_paper": {
    "waae": 0.04046412635536889,
    "r0": 0.6577760345165719,
    "r1": 0.34222396548342815,
    "err0": 0.053864479064941406,
    "err1": 0.014707803726196289,
    "mu0_mean_pred": 2.0650522708892822,
    "mu1_mean_pred": 2.0007965564727783,
    "mu0_mean_true": 2.011187791824341,
    "mu1_mean_true": 1.986088752746582
  },
  "timing_sec": 44.33334684371948,
  "n_folds": 5,
  "n_rep": 1
}