{
  "seed": 2039,
  "ATE": -0.0860151515475832,
  "SE": 0.07737407714380887,
  "CI95": [
    -0.23766555608647233,
    0.06563525299130595
  ],
  "waae_paper": {
    "waae": 0.03640194401177128,
    "r0": 0.6577760345165719,
    "r1": 0.34222396548342815,
    "err0": 0.03591108322143555,
    "err1": 0.03734540939331055,
    "mu0_mean_pred": 2.07685923576355,
    "mu1_mean_pred": 1.9922786951065063,
    "mu0_mean_true": 2.0409481525421143,
    "mu1_mean_true": 1.9549332857131958
  },
  "timing_sec": 48.16874933242798,
  "n_folds": 5,
  "n_rep": 1
}