{
  "seed": 2040,
  "ATE": -0.025081997020664912,
  "SE": 0.12121231432998449,
  "CI95": [
    -0.26265376759018283,
    0.21248977354885298
  ],
  "waae_paper": {
    "waae": 0.02439394722407555,
    "r0": 0.6577760345165719,
    "r1": 0.34222396548342815,
    "err0": 0.019537925720214844,
    "err1": 0.03372752666473389,
    "mu0_mean_pred": 2.052785634994507,
    "mu1_mean_pred": 1.9744383096694946,
    "mu0_mean_true": 2.033247709274292,
    "mu1_mean_true": 2.0081658363342285
  },
  "timing_sec": 41.57693409919739,
  "n_folds": 5,
  "n_rep": 1
}