{
  "seed": 2041,
  "ATE": -0.07413691796157801,
  "SE": 0.09984226811512648,
  "CI95": [
    -0.26982416760201766,
    0.12155033167886167
  ],
  "waae_paper": {
    "waae": 0.01922480273092464,
    "r0": 0.6577760345165719,
    "r1": 0.34222396548342815,
    "err0": 0.027738332748413086,
    "err1": 0.0028612613677978516,
    "mu0_mean_pred": 2.0259976387023926,
    "mu1_mean_pred": 1.9767379760742188,
    "mu0_mean_true": 2.0537359714508057,
    "mu1_mean_true": 1.9795992374420166
  },
  "timing_sec": 46.06028151512146,
  "n_folds": 5,
  "n_rep": 1
}