{
  "seeds": [
    2025,
    2026,
    2027,
    2028,
    2029,
    2030,
    2031,
    2032,
    2033,
    2034,
    2035,
    2036,
    2037,
    2038,
    2039,
    2040,
    2041,
    2042,
    2043,
    2044
  ],
  "waae_per_seed": [
    0.031606025755650906,
    0.012224874535736606,
    0.04276918766427961,
    0.054242319091906105,
    0.036802650222733435,
    0.04046412635536889,
    0.028622021883650137,
    0.017394184809054643,
    0.030742712174239965,
    0.04896013543614688,
    0.09532453167973885,
    0.054787616305174515,
    0.04313716065020953,
    0.1299050826375497,
    0.03640194401177128,
    0.02439394722407555,
    0.01922480273092464,
    0.02471736279813232,
    0.013468224526760882,
    0.06322187733523961
  ],
  "waae_mean": 0.042420539391417204,
  "waae_std": 0.028367184371183116,
  "elapsed_total_sec": 900.1449084281921,
  "n": 5099,
  "p": 15,
  "n_folds": 5,
  "n_rep": 1
}