{
  "seed": 2043,
  "ATE": -0.09454124400286061,
  "SE": 0.11301829557008365,
  "CI95": [
    -0.3160530329143273,
    0.1269705449086061
  ],
  "waae_paper": {
    "waae": 0.013468224526760882,
    "r0": 0.6577760345165719,
    "r1": 0.34222396548342815,
    "err0": 0.011741399765014648,
    "err1": 0.016787290573120117,
    "mu0_mean_pred": 2.045990228652954,
    "mu1_mean_pred": 1.9799774885177612,
    "mu0_mean_true": 2.0577316284179688,
    "mu1_mean_true": 1.9631901979446411
  },
  "timing_sec": 43.94329500198364,
  "n_folds": 5,
  "n_rep": 1
}