{
  "seed": 2036,
  "ATE": -0.07719710153321492,
  "SE": 0.11765777326074728,
  "CI95": [
    -0.3078020996254594,
    0.15340789655902953
  ],
  "waae_paper": {
    "waae": 0.054787616305174515,
    "r0": 0.6577760345165719,
    "r1": 0.34222396548342815,
    "err0": 0.05674314498901367,
    "err1": 0.05102896690368652,
    "mu0_mean_pred": 2.0834860801696777,
    "mu1_mean_pred": 2.000574827194214,
    "mu0_mean_true": 2.026742935180664,
    "mu1_mean_true": 1.9495458602905273
  },
  "timing_sec": 43.16880464553833,
  "n_folds": 5,
  "n_rep": 1
}