{
  "seed": 2042,
  "ATE": -0.11817279746423565,
  "SE": 0.11582710418483531,
  "CI95": [
    -0.34518975010008146,
    0.10884415517161014
  ],
  "waae_paper": {
    "waae": 0.02471736279813232,
    "r0": 0.6577760345165719,
    "r1": 0.34222396548342815,
    "err0": 0.021686077117919922,
    "err1": 0.03054368495941162,
    "mu0_mean_pred": 2.0635480880737305,
    "mu1_mean_pred": 1.9542328119277954,
    "mu0_mean_true": 2.0418620109558105,
    "mu1_mean_true": 1.9236891269683838
  },
  "timing_sec": 48.803720474243164,
  "n_folds": 5,
  "n_rep": 1
}