{
  "seed": 2034,
  "ATE": -0.013968527052748276,
  "SE": 0.10615764368908792,
  "CI95": [
    -0.22203368536699636,
    0.19409663126149979
  ],
  "waae_paper": {
    "waae": 0.04896013543614688,
    "r0": 0.6577760345165719,
    "r1": 0.34222396548342815,
    "err0": 0.07149338722229004,
    "err1": 0.0056498050689697266,
    "mu0_mean_pred": 2.077528715133667,
    "mu1_mean_pred": 1.9977166652679443,
    "mu0_mean_true": 2.006035327911377,
    "mu1_mean_true": 1.9920668601989746
  },
  "timing_sec": 43.455050230026245,
  "n_folds": 5,
  "n_rep": 1
}