{
  "seed": 2032,
  "ATE": -0.06464903768690886,
  "SE": 0.08519056206198068,
  "CI95": [
    -0.23161947115111528,
    0.10232139577729757
  ],
  "waae_paper": {
    "waae": 0.017394184809054643,
    "r0": 0.6577760345165719,
    "r1": 0.34222396548342815,
    "err0": 0.011932134628295898,
    "err1": 0.027892589569091797,
    "mu0_mean_pred": 2.065009117126465,
    "mu1_mean_pred": 1.9843995571136475,
    "mu0_mean_true": 2.0769412517547607,
    "mu1_mean_true": 2.0122921466827393
  },
  "timing_sec": 45.68785047531128,
  "n_folds": 5,
  "n_rep": 1
}