{
  "seed": 2029,
  "ATE": -0.10925103174633084,
  "SE": 0.074155659685015,
  "CI95": [
    -0.2545934539787691,
    0.03609139048610742
  ],
  "waae_paper": {
    "waae": 0.036802650222733435,
    "r0": 0.6577760345165719,
    "r1": 0.34222396548342815,
    "err0": 0.03343605995178223,
    "err1": 0.0432734489440918,
    "mu0_mean_pred": 2.018901824951172,
    "mu1_mean_pred": 1.9863603115081787,
    "mu0_mean_true": 2.052337884902954,
    "mu1_mean_true": 1.943086862564087
  },
  "timing_sec": 39.95802187919617,
  "n_folds": 5,
  "n_rep": 1
}