{
  "seed": 2026,
  "ATE": -0.04298333533756702,
  "SE": 0.10730303172883549,
  "CI95": [
    -0.25329341295804325,
    0.16732674228290922
  ],
  "waae_paper": {
    "waae": 0.012224874535736606,
    "r0": 0.6577760345165719,
    "r1": 0.34222396548342815,
    "err0": 0.0003600120544433594,
    "err1": 0.03502988815307617,
    "mu0_mean_pred": 2.035728931427002,
    "mu1_mean_pred": 1.958075761795044,
    "mu0_mean_true": 2.0360889434814453,
    "mu1_mean_true": 1.9931056499481201
  },
  "timing_sec": 49.72172999382019,
  "n_folds": 5,
  "n_rep": 1
}