{
  "seed": 2044,
  "ATE": -0.03484801081549382,
  "SE": 0.08291825821020798,
  "CI95": [
    -0.1973648105682941,
    0.12766878893730646
  ],
  "waae_paper": {
    "waae": 0.06322187733523961,
    "r0": 0.6577760345165719,
    "r1": 0.34222396548342815,
    "err0": 0.07519888877868652,
    "err1": 0.04020130634307861,
    "mu0_mean_pred": 2.107443332672119,
    "mu1_mean_pred": 1.9571948051452637,
    "mu0_mean_true": 2.0322444438934326,
    "mu1_mean_true": 1.9973961114883423
  },
  "timing_sec": 42.42032599449158,
  "n_folds": 5,
  "n_rep": 1
}