{
  "seed": 2038,
  "ATE": -0.05127947131464589,
  "SE": 0.12707962742292456,
  "CI95": [
    -0.30035096423234664,
    0.19779202160305484
  ],
  "waae_paper": {
    "waae": 0.1299050826375497,
    "r0": 0.6577760345165719,
    "r1": 0.34222396548342815,
    "err0": 0.14264869689941406,
    "err1": 0.10541105270385742,
    "mu0_mean_pred": 2.0943403244018555,
    "mu1_mean_pred": 2.0058233737945557,
    "mu0_mean_true": 1.9516916275024414,
    "mu1_mean_true": 1.9004123210906982
  },
  "timing_sec": 45.410433530807495,
  "n_folds": 5,
  "n_rep": 1
}