{
  "seed": 2035,
  "ATE": -0.17071502765729443,
  "SE": 0.15569958749183474,
  "CI95": [
    -0.4758806115490336,
    0.13445055623444477
  ],
  "waae_paper": {
    "waae": 0.09532453167973885,
    "r0": 0.6577760345165719,
    "r1": 0.34222396548342815,
    "err0": 0.08023941516876221,
    "err1": 0.12431907653808594,
    "mu0_mean_pred": 2.0724310874938965,
    "mu1_mean_pred": 1.9457956552505493,
    "mu0_mean_true": 1.9921916723251343,
    "mu1_mean_true": 1.8214765787124634
  },
  "timing_sec": 45.23529767990112,
  "n_folds": 5,
  "n_rep": 1
}