{
  "seed": 2025,
  "ATE": -0.034079266331075074,
  "SE": 0.13468038428122375,
  "CI95": [
    -0.29804796894628804,
    0.2298894362841379
  ],
  "waae_paper": {
    "waae": 0.031606025755650906,
    "r0": 0.6577760345165719,
    "r1": 0.34222396548342815,
    "err0": 0.02306544780731201,
    "err1": 0.048021554946899414,
    "mu0_mean_pred": 2.0155856609344482,
    "mu1_mean_pred": 2.006462335586548,
    "mu0_mean_true": 1.9925202131271362,
    "mu1_mean_true": 1.9584407806396484
  },
  "timing_sec": 47.16361999511719,
  "n_folds": 5,
  "n_rep": 1
}