{
  "seed": 2037,
  "ATE": -0.07535985535671827,
  "SE": 0.12804945740380552,
  "CI95": [
    -0.32633218010807286,
    0.17561246939463634
  ],
  "waae_paper": {
    "waae": 0.04313716065020953,
    "r0": 0.6577760345165719,
    "r1": 0.34222396548342815,
    "err0": 0.029256105422973633,
    "err1": 0.0698174238204956,
    "mu0_mean_pred": 2.0129776000976562,
    "mu1_mean_pred": 1.9781793355941772,
    "mu0_mean_true": 1.9837214946746826,
    "mu1_mean_true": 1.9083619117736816
  },
  "timing_sec": 43.03327941894531,
  "n_folds": 5,
  "n_rep": 1
}