{
  "seed": 2031,
  "ATE": -0.004019498657663509,
  "SE": 0.14898272452931427,
  "CI95": [
    -0.29602027305377154,
    0.28798127573844456
  ],
  "waae_paper": {
    "waae": 0.028622021883650137,
    "r0": 0.6577760345165719,
    "r1": 0.34222396548342815,
    "err0": 0.04075026512145996,
    "err1": 0.005310773849487305,
    "mu0_mean_pred": 2.05403208732605,
    "mu1_mean_pred": 2.0039515495300293,
    "mu0_mean_true": 2.01328182220459,
    "mu1_mean_true": 2.0092623233795166
  },
  "timing_sec": 43.308801889419556,
  "n_folds": 5,
  "n_rep": 1
}