{
  "seed": 2033,
  "ATE": -0.05034452235525141,
  "SE": 0.12072034189251105,
  "CI95": [
    -0.28695204466593494,
    0.18626299995543213
  ],
  "waae_paper": {
    "waae": 0.030742712174239965,
    "r0": 0.6577760345165719,
    "r1": 0.34222396548342815,
    "err0": 0.04111361503601074,
    "err1": 0.010809183120727539,
    "mu0_mean_pred": 2.0729944705963135,
    "mu1_mean_pred": 1.9923454523086548,
    "mu0_mean_true": 2.0318808555603027,
    "mu1_mean_true": 1.9815362691879272
  },
  "timing_sec": 45.503512382507324,
  "n_folds": 5,
  "n_rep": 1
}