{
  "seed": 2027,
  "ATE": -0.017010021206812005,
  "SE": 0.157166555631305,
  "CI95": [
    -0.3250508098183806,
    0.2910307674047566
  ],
  "waae_paper": {
    "waae": 0.04276918766427961,
    "r0": 0.6577760345165719,
    "r1": 0.34222396548342815,
    "err0": 0.054345130920410156,
    "err1": 0.020519495010375977,
    "mu0_mean_pred": 2.0615806579589844,
    "mu1_mean_pred": 1.9697060585021973,
    "mu0_mean_true": 2.007235527038574,
    "mu1_mean_true": 1.9902255535125732
  },
  "timing_sec": 47.09259295463562,
  "n_folds": 5,
  "n_rep": 1
}